{"petal_len": {"1": {"means": [3.758666666666667], "covs": [1.7585294677340182]}, "2": {"means": [4.904998797617803, 1.4637577022761639], "covs": [0.8231806883656387, 0.17151764406675785]}, "3": {"means": [5.739620339424546, 1.4639869872895583, 4.514873344286582], "covs": [0.559647375668019, 0.17175658758145745, 0.6046473112989761]}}, "petal_w": {"1": {"means": [1.1986666666666668], "covs": [0.7606132759527378]}, "2": {"means": [1.6537703762204383, 0.23285533103501568], "covs": [0.4479654535933154, 0.08990019424413913]}, "3": {"means": [2.0377836063209473, 0.24228201687869586, 1.3300371964454831], "covs": [0.2644403497428177, 0.10347307702788079, 0.20642918782886557]}}, "sepal_len": {"1": {"means": [5.843333333333334], "covs": [0.8253018976242708]}, "2": {"means": [5.212830331227536, 6.459645086902959], "covs": [0.46436667441028373, 0.6063879566239312]}, "3": {"means": [4.924198924169726, 6.612875703352474, 5.784762667822719], "covs": [0.2862858090058727, 0.5780328266805239, 0.362687806095933]}}, "sepal_w": {"1": {"means": [3.0540000000000003], "covs": [0.43214773708382026]}, "2": {"means": [3.1963858125943094, 2.8100220573004484], "covs": [0.4289200085787575, 0.31184891861356595]}, "3": {"means": [3.0478456271193193, 2.513823217986105, 3.6928677144027775], "covs": [0.22946152074893877, 0.23057643434718844, 0.29223211767132334]}}, "t_set_ver_vir": {"1": {"means": [2.0], "covs": [0.8164971932999321]}, "2": {"means": [2.499966642114293, 1.0], "covs": [0.5000454740003095, 0.001]}, "3": {"means": [2.0, 3.0, 1.0], "covs": [0.001, 0.001, 0.001]}}}