{"petal_len": {"1": {"means": [3.758666666666667], "sigmas": [3.092425888888889], "ranges": [[-5.518611, 13.035944333333333]], "extent": [-5.518611, 13.035944333333333]}, "2": {"means": [1.4637577022761639, 4.904998797617803], "sigmas": [0.02941830222621103, 0.6776264456981269], "ranges": [[1.3755027955975307, 1.552012608954797], [2.872119460523422, 6.937878134712184]], "extent": [1.3755027955975307, 6.937878134712184]}, "3": {"means": [1.4639869872895583, 4.514873344286579, 5.739620339424546], "sigmas": [0.029500325377626868, 0.3655983710610814, 0.31320518509210066], "ranges": [[1.3754860111566778, 1.5524879634224389], [3.418078231103335, 5.611668457469824], [4.800004784148244, 6.679235894700848]], "extent": [1.3754860111566778, 6.679235894700848]}}, "petal_w": {"1": {"means": [1.1986666666666668], "sigmas": [0.5785325555555556], "ranges": [[-0.536931, 2.9342643333333336]], "extent": [-0.536931, 2.9342643333333336]}, "2": {"means": [0.23316562371714222, 1.6546352068409362], "sigmas": [0.008147116522852008, 0.1997579734560724], "ranges": [[0.2087242741485862, 0.25760697328569826], [1.0553612864727189, 2.2539091272091536]], "extent": [0.2087242741485862, 2.2539091272091536]}, "3": {"means": [0.24228201687869586, 1.3300371964454831, 2.0377836063209473], "sigmas": [0.010706677669617751, 0.04261300958768507, 0.06992869857210375], "ranges": [[0.21016198386984258, 0.2744020498875491], [1.202198167682428, 1.4578762252085382], [1.8279975106046362, 2.2475697020372585]], "extent": [0.21016198386984258, 2.2475697020372585]}}, "sepal_len": {"1": {"means": [5.843333333333334], "sigmas": [0.6811232222222223], "ranges": [[3.7999636666666667, 7.886703000000001]], "extent": [3.7999636666666667, 7.886703000000001]}, "2": {"means": [5.212830331227536, 6.459645086902959], "sigmas": [0.21563640830286646, 0.36770635393854667], "ranges": [[4.565921106318937, 5.859739556136136], [5.356526025087319, 7.562764148718599]], "extent": [4.565921106318937, 7.562764148718599]}, "3": {"means": [4.924198924169721, 5.784762667822714, 6.612875703352473], "sigmas": [0.08195956443814709, 0.1315424446906813, 0.33412194872027484], "ranges": [[4.678320230855279, 5.1700776174841625], [5.3901353337506706, 6.179390001894758], [5.610509857191649, 7.615241549513297]], "extent": [4.678320230855279, 7.615241549513297]}}, "sepal_w": {"1": {"means": [3.0540000000000003], "sigmas": [0.18675166666666665], "ranges": [[2.4937450000000005, 3.614255]], "extent": [2.4937450000000005, 3.614255]}, "2": {"means": [2.8100220573004484, 3.1963858125943094], "sigmas": [0.09724974804045047, 0.18397237375920142], "ranges": [[2.518272813179097, 3.1017713014218], [2.644468691316705, 3.748302933871914]], "extent": [2.518272813179097, 3.748302933871914]}, "3": {"means": [2.513823217986105, 3.0478456271193193, 3.6928677144027775], "sigmas": [0.053165492076263296, 0.05265258950441566, 0.08539961059866619], "ranges": [[2.354326741757315, 2.673319694214895], [2.8898878586060723, 3.205803395632566], [3.436668882606779, 3.949066546198776]], "extent": [2.354326741757315, 3.949066546198776]}}, "t_set_ver_vir": {"1": {"means": [2.0], "sigmas": [0.6666676666666667], "ranges": [[-2.9999999999752447e-06, 4.0000029999999995]], "extent": [-2.9999999999752447e-06, 4.0000029999999995]}, "2": {"means": [1.5000333578857092, 3.000000000000004], "sigmas": [0.2500454760681951, 1e-06], "ranges": [[0.749896929681124, 2.2501697860902947], [2.999997000000004, 3.000003000000004]], "extent": [0.749896929681124, 3.000003000000004]}, "3": {"means": [1.0, 2.0, 3.0], "sigmas": [1e-06, 1e-06, 1e-06], "ranges": [[0.999997, 1.000003], [1.999997, 2.000003], [2.999997, 3.000003]], "extent": [0.999997, 3.000003]}}}