{"petal_len": {"1": {"means": [3.758666666666667], "sigmas": [3.092425888888889], "gmm": [[3.758666666666667, 3.092425888888889, 0.0]], "predict": [0, 0, 0, 0, 0, 0, 0, 0, 0, 0, 0, 0, 0, 0, 0, 0, 0, 0, 0, 0, 0, 0, 0, 0, 0, 0, 0, 0, 0, 0, 0, 0, 0, 0, 0, 0, 0, 0, 0, 0, 0, 0, 0, 0, 0, 0, 0, 0, 0, 0, 0, 0, 0, 0, 0, 0, 0, 0, 0, 0, 0, 0, 0, 0, 0, 0, 0, 0, 0, 0, 0, 0, 0, 0, 0, 0, 0, 0, 0, 0, 0, 0, 0, 0, 0, 0, 0, 0, 0, 0, 0, 0, 0, 0, 0, 0, 0, 0, 0, 0, 0, 0, 0, 0, 0, 0, 0, 0, 0, 0, 0, 0, 0, 0, 0, 0, 0, 0, 0, 0, 0, 0, 0, 0, 0, 0, 0, 0, 0, 0, 0, 0, 0, 0, 0, 0, 0, 0, 0, 0, 0, 0, 0, 0, 0, 0, 0, 0, 0, 0], "ranges": [[-5.518611, 13.035944333333333]], "extent": [-5.518611, 13.035944333333333]}, "2": {"means": [1.4637577022761639, 4.904998797617803], "sigmas": [0.02941830222621103, 0.6776264456981269], "gmm": [[1.4637577022761639, 0.02941830222621103, 0.0], [4.904998797617803, 0.6776264456981269, 1.0]], "predict": [0, 0, 0, 0, 0, 0, 0, 0, 0, 0, 0, 0, 0, 0, 0, 0, 0, 0, 0, 0, 0, 0, 0, 0, 0, 0, 0, 0, 0, 0, 0, 0, 0, 0, 0, 0, 0, 0, 0, 0, 0, 0, 0, 0, 0, 0, 0, 0, 0, 0, 1, 1, 1, 1, 1, 1, 1, 1, 1, 1, 1, 1, 1, 1, 1, 1, 1, 1, 1, 1, 1, 1, 1, 1, 1, 1, 1, 1, 1, 1, 1, 1, 1, 1, 1, 1, 1, 1, 1, 1, 1, 1, 1, 1, 1, 1, 1, 1, 1, 1, 1, 1, 1, 1, 1, 1, 1, 1, 1, 1, 1, 1, 1, 1, 1, 1, 1, 1, 1, 1, 1, 1, 1, 1, 1, 1, 1, 1, 1, 1, 1, 1, 1, 1, 1, 1, 1, 1, 1, 1, 1, 1, 1, 1, 1, 1, 1, 1, 1, 1], "ranges": [[1.3755027955975307, 1.552012608954797], [2.872119460523422, 6.937878134712184]], "extent": [1.3755027955975307, 6.937878134712184]}, "3": {"means": [1.4639869872895583, 4.514873344286579, 5.739620339424546], "sigmas": [0.029500325377626868, 0.3655983710610814, 0.31320518509210066], "gmm": [[1.4639869872895583, 0.029500325377626868, 1.0], [4.514873344286579, 0.3655983710610814, 0.0], [5.739620339424546, 0.31320518509210066, 2.0]], "predict": [1, 1, 1, 1, 1, 1, 1, 1, 1, 1, 1, 1, 1, 1, 1, 1, 1, 1, 1, 1, 1, 1, 1, 1, 1, 1, 1, 1, 1, 1, 1, 1, 1, 1, 1, 1, 1, 1, 1, 1, 1, 1, 1, 1, 1, 1, 1, 1, 1, 1, 0, 0, 0, 0, 0, 0, 0, 0, 0, 0, 0, 0, 0, 0, 0, 0, 0, 0, 0, 0, 0, 0, 0, 0, 0, 0, 0, 0, 0, 0, 0, 0, 0, 0, 0, 0, 0, 0, 0, 0, 0, 0, 0, 0, 0, 0, 0, 0, 0, 0, 2, 0, 2, 2, 2, 2, 0, 2, 2, 2, 0, 0, 2, 0, 0, 0, 2, 2, 2, 0, 2, 0, 2, 0, 2, 2, 0, 0, 2, 2, 2, 2, 2, 0, 2, 2, 2, 2, 0, 2, 2, 0, 0, 2, 2, 0, 0, 0, 2, 0], "ranges": [[1.3754860111566778, 1.5524879634224389], [3.418078231103335, 5.611668457469824], [4.800004784148244, 6.679235894700848]], "extent": [1.3754860111566778, 6.679235894700848]}}, "petal_w": {"1": {"means": [1.1986666666666668], "sigmas": [0.5785325555555556], "gmm": [[1.1986666666666668, 0.5785325555555556, 0.0]], "predict": [0, 0, 0, 0, 0, 0, 0, 0, 0, 0, 0, 0, 0, 0, 0, 0, 0, 0, 0, 0, 0, 0, 0, 0, 0, 0, 0, 0, 0, 0, 0, 0, 0, 0, 0, 0, 0, 0, 0, 0, 0, 0, 0, 0, 0, 0, 0, 0, 0, 0, 0, 0, 0, 0, 0, 0, 0, 0, 0, 0, 0, 0, 0, 0, 0, 0, 0, 0, 0, 0, 0, 0, 0, 0, 0, 0, 0, 0, 0, 0, 0, 0, 0, 0, 0, 0, 0, 0, 0, 0, 0, 0, 0, 0, 0, 0, 0, 0, 0, 0, 0, 0, 0, 0, 0, 0, 0, 0, 0, 0, 0, 0, 0, 0, 0, 0, 0, 0, 0, 0, 0, 0, 0, 0, 0, 0, 0, 0, 0, 0, 0, 0, 0, 0, 0, 0, 0, 0, 0, 0, 0, 0, 0, 0, 0, 0, 0, 0, 0, 0], "ranges": [[-0.536931, 2.9342643333333336]], "extent": [-0.536931, 2.9342643333333336]}, "2": {"means": [0.23316562371714222, 1.6546352068409362], "sigmas": [0.008147116522852008, 0.1997579734560724], "gmm": [[0.23316562371714222, 0.008147116522852008, 0.0], [1.6546352068409362, 0.1997579734560724, 1.0]], "predict": [0, 0, 0, 0, 0, 0, 0, 0, 0, 0, 0, 0, 0, 0, 0, 0, 0, 0, 0, 0, 0, 0, 0, 1, 0, 0, 0, 0, 0, 0, 0, 0, 0, 0, 0, 0, 0, 0, 0, 0, 0, 0, 0, 1, 0, 0, 0, 0, 0, 0, 1, 1, 1, 1, 1, 1, 1, 1, 1, 1, 1, 1, 1, 1, 1, 1, 1, 1, 1, 1, 1, 1, 1, 1, 1, 1, 1, 1, 1, 1, 1, 1, 1, 1, 1, 1, 1, 1, 1, 1, 1, 1, 1, 1, 1, 1, 1, 1, 1, 1, 1, 1, 1, 1, 1, 1, 1, 1, 1, 1, 1, 1, 1, 1, 1, 1, 1, 1, 1, 1, 1, 1, 1, 1, 1, 1, 1, 1, 1, 1, 1, 1, 1, 1, 1, 1, 1, 1, 1, 1, 1, 1, 1, 1, 1, 1, 1, 1, 1, 1], "ranges": [[0.2087242741485862, 0.25760697328569826], [1.0553612864727189, 2.2539091272091536]], "extent": [0.2087242741485862, 2.2539091272091536]}, "3": {"means": [0.24228201687869586, 1.3300371964454831, 2.0377836063209473], "sigmas": [0.010706677669617751, 0.04261300958768507, 0.06992869857210375], "gmm": [[0.24228201687869586, 0.010706677669617751, 1.0], [1.3300371964454831, 0.04261300958768507, 0.0], [2.0377836063209473, 0.06992869857210375, 2.0]], "predict": [1, 1, 1, 1, 1, 1, 1, 1, 1, 1, 1, 1, 1, 1, 1, 1, 1, 1, 1, 1, 1, 1, 1, 1, 1, 1, 1, 1, 1, 1, 1, 1, 1, 1, 1, 1, 1, 1, 1, 1, 1, 1, 1, 1, 1, 1, 1, 1, 1, 1, 0, 0, 0, 0, 0, 0, 0, 0, 0, 0, 0, 0, 0, 0, 0, 0, 0, 0, 0, 0, 2, 0, 0, 0, 0, 0, 0, 2, 0, 0, 0, 0, 0, 0, 0, 0, 0, 0, 0, 0, 0, 0, 0, 0, 0, 0, 0, 0, 0, 0, 2, 2, 2, 2, 2, 2, 2, 2, 2, 2, 2, 2, 2, 2, 2, 2, 2, 2, 2, 0, 2, 2, 2, 2, 2, 2, 2, 2, 2, 0, 2, 2, 2, 0, 0, 2, 2, 2, 2, 2, 2, 2, 2, 2, 2, 2, 2, 2, 2, 2], "ranges": [[0.21016198386984258, 0.2744020498875491], [1.202198167682428, 1.4578762252085382], [1.8279975106046362, 2.2475697020372585]], "extent": [0.21016198386984258, 2.2475697020372585]}}, "sepal_len": {"1": {"means": [5.843333333333334], "sigmas": [0.6811232222222223], "gmm": [[5.843333333333334, 0.6811232222222223, 0.0]], "predict": [0, 0, 0, 0, 0, 0, 0, 0, 0, 0, 0, 0, 0, 0, 0, 0, 0, 0, 0, 0, 0, 0, 0, 0, 0, 0, 0, 0, 0, 0, 0, 0, 0, 0, 0, 0, 0, 0, 0, 0, 0, 0, 0, 0, 0, 0, 0, 0, 0, 0, 0, 0, 0, 0, 0, 0, 0, 0, 0, 0, 0, 0, 0, 0, 0, 0, 0, 0, 0, 0, 0, 0, 0, 0, 0, 0, 0, 0, 0, 0, 0, 0, 0, 0, 0, 0, 0, 0, 0, 0, 0, 0, 0, 0, 0, 0, 0, 0, 0, 0, 0, 0, 0, 0, 0, 0, 0, 0, 0, 0, 0, 0, 0, 0, 0, 0, 0, 0, 0, 0, 0, 0, 0, 0, 0, 0, 0, 0, 0, 0, 0, 0, 0, 0, 0, 0, 0, 0, 0, 0, 0, 0, 0, 0, 0, 0, 0, 0, 0, 0], "ranges": [[3.7999636666666667, 7.886703000000001]], "extent": [3.7999636666666667, 7.886703000000001]}, "2": {"means": [5.237903898289806, 6.4869767338980715], "sigmas": [0.228886615570209, 0.35794696295283224], "gmm": [[5.237903898289806, 0.228886615570209, 0.0], [6.4869767338980715, 0.35794696295283224, 1.0]], "predict": [0, 0, 0, 0, 0, 0, 0, 0, 0, 0, 0, 0, 0, 0, 0, 0, 0, 0, 0, 0, 0, 0, 0, 0, 0, 0, 0, 0, 0, 0, 0, 0, 0, 0, 0, 0, 0, 0, 0, 0, 0, 0, 0, 0, 0, 0, 0, 0, 0, 0, 1, 1, 1, 0, 1, 0, 1, 0, 1, 0, 0, 1, 1, 1, 0, 1, 0, 0, 1, 0, 1, 1, 1, 1, 1, 1, 1, 1, 1, 0, 0, 0, 0, 1, 0, 1, 1, 1, 0, 0, 0, 1, 0, 0, 0, 0, 0, 1, 0, 0, 1, 0, 1, 1, 1, 1, 0, 1, 1, 1, 1, 1, 1, 0, 0, 1, 1, 1, 1, 1, 1, 0, 1, 1, 1, 1, 1, 1, 1, 1, 1, 1, 1, 1, 1, 1, 1, 1, 1, 1, 1, 1, 0, 1, 1, 1, 1, 1, 1, 1], "ranges": [[4.551244051579179, 5.924563745000434], [5.413135845039575, 7.560817622756568]], "extent": [4.551244051579179, 7.560817622756568]}, "3": {"means": [4.924198924169726, 5.784762667822719, 6.612875703352474], "sigmas": [0.08195956443814703, 0.13154244469068108, 0.3341219487202766], "gmm": [[4.924198924169726, 0.08195956443814703, 1.0], [5.784762667822719, 0.13154244469068108, 2.0], [6.612875703352474, 0.3341219487202766, 0.0]], "predict": [1, 1, 1, 1, 1, 2, 1, 1, 1, 1, 2, 1, 1, 1, 2, 2, 2, 1, 2, 1, 2, 1, 1, 1, 1, 1, 1, 1, 1, 1, 1, 2, 1, 2, 1, 1, 2, 1, 1, 1, 1, 1, 1, 1, 1, 1, 1, 1, 1, 1, 0, 0, 0, 2, 0, 2, 0, 1, 0, 1, 1, 2, 2, 2, 2, 0, 2, 2, 0, 2, 2, 2, 0, 2, 0, 0, 0, 0, 2, 2, 2, 2, 2, 2, 2, 2, 0, 0, 2, 2, 2, 2, 2, 1, 2, 2, 2, 0, 1, 2, 0, 2, 0, 0, 0, 0, 1, 0, 0, 0, 0, 0, 0, 2, 2, 0, 0, 0, 0, 2, 0, 2, 0, 0, 0, 0, 0, 2, 0, 0, 0, 0, 0, 0, 2, 0, 0, 0, 2, 0, 0, 0, 2, 0, 0, 0, 0, 0, 0, 2], "ranges": [[4.678320230855285, 5.170077617484167], [5.390135333750676, 6.179390001894761], [5.610509857191644, 7.6152415495133035]], "extent": [4.678320230855285, 7.6152415495133035]}}, "sepal_w": {"1": {"means": [3.0540000000000003], "sigmas": [0.18675166666666665], "gmm": [[3.0540000000000003, 0.18675166666666665, 0.0]],